Emp ID,Name Prefix,First Name,Middle Initial,Last Name,Gender,E Mail,Father's Name,Mother's Name,Mother's Maiden Name,Date of Birth,Time of Birth,Age in Yrs.,Weight in Kgs.,Date of Joining,Quarter of Joining,Half of Joining,Year of Joining,Month of Joining,Month Name of Joining,Short Month,Day of Joining,DOW of Joining,Short DOW,Age in Company (Years),Salary,Last % Hike,SSN,Phone No. ,Place Name,County,City,State,Zip,Region,User Name,Password
742048,Drs.,Lizeth,P,Mccoll,F,lizeth.mccoll@ibm.com,Renato Mccoll,Serena Mccoll,Broxton,7/5/1973,08:14:43 AM,47.19,49,1/7/1995,Q1,H1,1995,1,January,Jan,7,Saturday,Sat,25.67,147446,14%,171-86-6830,216-703-2865,Alliance,Stark,Alliance,OH,44601,Midwest,lpmccoll,b5CDsd1Mz.
671135,Ms.,Argentina,O,Hern,F,argentina.hern@ntlworld.com,Earl Hern,Chrissy Hern,Tapley,10/15/1962,02:08:22 AM,57.92,53,4/1/1986,Q2,H1,1986,4,April,Apr,1,Tuesday,Tue,34.44,129174,8%,083-02-3078,202-572-0136,Washington,District of Columbia,Washington,DC,20411,South,aohern,vsUv&nFc?lM|2-
965851,Mr.,Damian,N,Patillo,M,damian.patillo@outlook.com,Harley Patillo,Lucinda Patillo,Etter,3/11/1975,07:48:45 PM,45.51,84,12/16/2004,Q4,H2,2004,12,December,Dec,16,Thursday,Thu,15.72,158746,8%,326-11-9852,209-784-3915,Burrel,Fresno,Burrel,CA,93607,West,dnpatillo,GQj^c:4#B:F8
224660,Drs.,Imogene,P,Hagopian,F,imogene.hagopian@gmail.com,Delmar Hagopian,Carolina Hagopian,Lockett,2/19/1995,03:15:09 PM,25.55,52,6/8/2017,Q2,H1,2017,6,June,Jun,8,Thursday,Thu,3.23,55761,14%,656-36-0772,210-460-6327,Bryan,Brazos,Bryan,TX,77806,South,iphagopian,d[aHK7aiH&
852694,Mr.,Walker,E,Wallach,M,walker.wallach@aol.com,Gale Wallach,Georgianna Wallach,Creekmore,8/5/1992,01:03:46 PM,28.09,50,2/28/2020,Q1,H1,2020,2,February,Feb,28,Friday,Fri,0.51,197519,24%,296-15-3535,225-846-1969,Newllano,Vernon,Newllano,LA,71461,South,wewallach,kM\7h*}7
144102,Ms.,Jesusita,W,Hollie,F,jesusita.hollie@hotmail.com,Clement Hollie,Nilda Hollie,Barone,10/30/1987,04:55:43 AM,32.86,49,3/5/2015,Q1,H1,2015,3,March,Mar,5,Thursday,Thu,5.5,103839,6%,375-37-3861,209-219-5562,Topanga,Los Angeles,Topanga,CA,90290,West,jwhollie,p1-G0\b~
687793,Mr.,Fausto,P,Esqueda,M,fausto.esqueda@aol.com,Randal Esqueda,Yang Esqueda,Cullens,4/23/1971,10:25:52 AM,49.39,75,10/29/1998,Q4,H2,1998,10,October,Oct,29,Thursday,Thu,21.85,60101,5%,095-02-0857,216-722-2112,Somerdale,Tuscarawas,Somerdale,OH,44678,Midwest,fpesqueda,lX!iJCJF@[f-/F
636308,Mrs.,Vanda,S,Komar,F,vanda.komar@aol.com,Carlo Komar,Katia Komar,Almanzar,9/2/1962,02:52:40 AM,58.04,52,7/25/2018,Q3,H2,2018,7,July,Jul,25,Wednesday,Wed,2.1,115639,26%,002-11-5408,216-224-9563,Akron,Summit,Akron,OH,44312,Midwest,vskomar,I0!gVO~XFHG0\9q
218660,Mrs.,Destiny,A,Nicholson,F,destiny.nicholson@gmail.com,Ramon Nicholson,Tanika Nicholson,Schauer,7/1/1995,01:58:42 PM,25.19,54,11/22/2016,Q4,H2,2016,11,November,Nov,22,Tuesday,Tue,3.78,126048,19%,386-37-5628,201-997-3957,Atlantic City,Atlantic,Atlantic City,NJ,8401,Northeast,danicholson,s|?t/%X+
465691,Ms.,Evie,V,Hamby,F,evie.hamby@gmail.com,Devin Hamby,Jerica Hamby,Plum,6/22/1980,12:17:42 AM,40.22,60,10/4/2013,Q4,H2,2013,10,October,Oct,4,Friday,Fri,6.91,193757,28%,682-24-5946,201-331-7085,Rockaway,Morris,Rockaway,NJ,7866,Northeast,evhamby,Xv7!P;xf
242339,Dr.,Carlton,G,Friedrich,M,carlton.friedrich@gmail.com,Tommy Friedrich,Ricki Friedrich,Camp,10/7/1993,12:05:46 AM,26.92,64,10/5/2016,Q4,H2,2016,10,October,Oct,5,Wednesday,Wed,3.91,43826,14%,717-18-8892,216-458-6650,Cincinnati,Hamilton,Cincinnati,OH,45202,Midwest,cgfriedrich,ROEj:i88Ov
636949,Mr.,Carmelo,A,Haynie,M,carmelo.haynie@gmail.com,Mason Haynie,Dorian Haynie,Blessing,3/19/1988,01:02:33 PM,32.47,83,3/10/2015,Q1,H1,2015,3,March,Mar,10,Tuesday,Tue,5.48,84036,2%,529-99-1135,231-719-8915,Howell,Livingston,Howell,MI,48844,Midwest,cahaynie,R^[haXId3H
890565,Ms.,Bari,K,Troche,F,bari.troche@hotmail.com,Wilson Troche,Madison Troche,Imhoff,6/12/1961,12:10:42 PM,59.26,40,6/6/2006,Q2,H1,2006,6,June,Jun,6,Tuesday,Tue,14.25,182148,30%,479-41-7839,505-741-3868,Cochiti Lake,Sandoval,Cochiti Lake,NM,87083,West,bktroche,F}BQulqy[P@<Y8q
206270,Mr.,Burton,B,Lowry,M,burton.lowry@comcast.net,Oren Lowry,Fredda Lowry,Goodwyn,9/18/1987,10:33:51 PM,32.98,50,10/29/2011,Q4,H2,2011,10,October,Oct,29,Saturday,Sat,8.85,181592,26%,618-87-1917,215-747-2870,Palmerton,Carbon,Palmerton,PA,18071,Northeast,bblowry,k;B:j!?CkWb**
418390,Prof.,Mickey,Z,Bassham,M,mickey.bassham@gmail.com,Deon Bassham,Lan Bassham,Buttler,9/29/1997,11:32:24 AM,22.94,57,12/19/2019,Q4,H2,2019,12,December,Dec,19,Thursday,Thu,0.7,131922,23%,186-86-7205,231-987-8818,Lake Orion,Oakland,Lake Orion,MI,48362,Midwest,mzbassham,BVT4u}~8f{;xl15
359884,Ms.,Ying,Y,Cerrone,F,ying.cerrone@aol.com,Benedict Cerrone,Jeanett Cerrone,Line,3/19/1980,08:03:52 AM,40.48,53,5/17/2012,Q2,H1,2012,5,May,May,17,Thursday,Thu,8.3,184946,1%,083-02-7174,218-498-8798,Iona,Murray,Iona,MN,56141,Midwest,yycerrone,Lx8ii-9U
301840,Mrs.,Bette,O,Copas,F,bette.copas@sbcglobal.net,Rupert Copas,Bette Copas,Gerner,11/12/1962,07:20:25 AM,57.84,55,2/26/2000,Q1,H1,2000,2,February,Feb,26,Saturday,Sat,20.53,103833,27%,124-98-3183,307-986-9240,Hillsdale,Laramie,Hillsdale,WY,82060,West,bocopas,Fz-z~VtH9dfo
232212,Mrs.,Tien,W,Harkey,F,tien.harkey@cox.net,Robin Harkey,Carlotta Harkey,Blas,9/4/1998,12:31:09 AM,22.01,52,5/26/2020,Q2,H1,2020,5,May,May,26,Tuesday,Tue,0.27,103292,10%,615-87-8886,209-433-3579,Fresno,Fresno,Fresno,CA,93782,West,twharkey,c/jI.a^K|[$}o#
450156,Ms.,Loma,S,Chesney,F,loma.chesney@yahoo.com,Bret Chesney,Viola Chesney,Barnhill,5/25/1963,05:20:17 PM,57.31,50,11/14/1989,Q4,H2,1989,11,November,Nov,14,Tuesday,Tue,30.82,66545,7%,161-86-9824,205-930-2406,Mobile,Mobile,Mobile,AL,36602,South,lschesney,8U+<JTEXx&Q]R\S
158031,Mr.,Ruben,K,Pastor,M,ruben.pastor@gmail.com,Filiberto Pastor,Dona Pastor,Audette,11/16/1993,03:28:49 PM,26.81,83,11/20/2016,Q4,H2,2016,11,November,Nov,20,Sunday,Sun,3.78,41892,1%,768-02-9782,262-438-6125,Cedarburg,Ozaukee,Cedarburg,WI,53012,Midwest,rkpastor,rk6{Wd|t%
560394,Ms.,Evelyn,K,Mclellan,F,evelyn.mclellan@bp.com,Ali Mclellan,Leesa Mclellan,Clover,12/11/1989,12:06:33 PM,30.74,56,9/14/2018,Q3,H2,2018,9,September,Sep,14,Friday,Fri,1.96,150529,23%,637-29-7952,702-264-0115,Mercury,Nye,Mercury,NV,89023,West,ekmclellan,8v;Ree0{7th!naM
719786,Dr.,Donnell,D,Wolff,M,donnell.wolff@bp.com,Emanuel Wolff,Kaley Wolff,Abreu,2/18/1964,12:10:08 AM,56.57,52,9/22/1997,Q3,H2,1997,9,September,Sep,22,Monday,Mon,22.96,190587,4%,418-67-3501,205-977-2378,Ozark,Dale,Ozark,AL,36360,South,ddwolff,AW+qw3kU5FQeLz
753275,Mr.,Guadalupe,A,Ketron,M,guadalupe.ketron@yahoo.com,Lesley Ketron,Michal Ketron,Magoon,4/11/1993,03:28:40 PM,27.41,86,5/18/2017,Q2,H1,2017,5,May,May,18,Thursday,Thu,3.29,122513,19%,669-48-6560,215-633-3701,Avella,Washington,Avella,PA,15312,Northeast,gaketron,8o*[0BUyO
395593,Mr.,Trenton,O,Roessler,M,trenton.roessler@gmail.com,Denis Roessler,Melida Roessler,Soriano,11/2/1977,08:24:02 PM,42.86,60,5/26/2005,Q2,H1,2005,5,May,May,26,Thursday,Thu,15.28,80435,22%,517-49-7244,231-440-0311,Grass Lake,Jackson,Grass Lake,MI,49240,Midwest,toroessler,CV*0#/p>jc31
184729,Mr.,Fernando,X,Merced,M,fernando.merced@shell.com,Chester Merced,Ludivina Merced,Mccraney,3/1/1970,01:46:57 PM,50.54,70,1/27/2014,Q1,H1,2014,1,January,Jan,27,Monday,Mon,6.6,95566,12%,562-99-6723,240-634-9028,Olney,Montgomery,Olney,MD,20830,South,fxmerced,X86~v^8unPt}
169047,Mrs.,Meghann,Z,Burtch,F,meghann.burtch@yahoo.co.in,Darell Burtch,Barbar Burtch,Mangan,11/15/1971,07:27:25 AM,48.83,40,9/29/2016,Q3,H2,2016,9,September,Sep,29,Thursday,Thu,3.92,53485,12%,621-85-6936,316-894-4929,Minneola,Clark,Minneola,KS,67865,Midwest,mzburtch,x<XYIJp:
549805,Mr.,Jordan,J,Raine,M,jordan.raine@gmail.com,Houston Raine,Nikole Raine,Baumgarten,1/22/1981,06:04:20 AM,39.63,60,2/23/2008,Q1,H1,2008,2,February,Feb,23,Saturday,Sat,12.53,199796,17%,108-98-8002,212-666-1494,New York City,New York,New York City,NY,10292,Northeast,jjraine,9.BpOo;s:a:}
573060,Hon.,Phillip,V,Bostic,M,phillip.bostic@charter.net,Isiah Bostic,Terry Bostic,Brashears,7/9/1988,04:00:02 AM,32.17,55,1/20/2016,Q1,H1,2016,1,January,Jan,20,Wednesday,Wed,4.62,90660,30%,096-02-4878,303-431-3269,Denver,Denver,Denver,CO,80262,West,pvbostic,m:Mbtx;_WR#>
284490,Mrs.,Vivienne,I,Weikel,F,vivienne.weikel@gmail.com,Roman Weikel,Jewell Weikel,Jankowski,8/18/1982,11:11:48 PM,38.06,46,1/20/2017,Q1,H1,2017,1,January,Jan,20,Friday,Fri,3.61,178679,20%,240-99-7351,215-980-1022,Philadelphia,Philadelphia,Philadelphia,PA,19179,Northeast,viweikel,ao.c{lY%gw
862168,Mrs.,Keely,F,Engleman,F,keely.engleman@gmail.com,Geoffrey Engleman,Lilly Engleman,Pippin,5/14/1993,07:24:15 AM,27.32,44,4/27/2020,Q2,H1,2020,4,April,Apr,27,Monday,Mon,0.35,142778,23%,344-11-9902,270-723-9397,Barlow,Ballard,Barlow,KY,42024,South,kfengleman,yI>sy*;+{
159896,Ms.,Elida,R,Popa,F,elida.popa@yahoo.com,Harvey Popa,Monserrate Popa,Bilyeu,10/22/1981,09:31:21 AM,38.88,55,7/16/2019,Q3,H2,2019,7,July,Jul,16,Tuesday,Tue,1.13,76017,5%,550-99-0523,405-526-7072,Bartlesville,Washington,Bartlesville,OK,74004,South,erpopa,N8JeQbkpX3
452204,Hon.,Muriel,H,Kasper,F,muriel.kasper@bp.com,Waldo Kasper,Hettie Kasper,Sandoz,10/14/1975,11:08:08 PM,44.91,59,4/14/2010,Q2,H1,2010,4,April,Apr,14,Wednesday,Wed,10.39,69687,7%,636-31-0033,215-564-9413,Troutville,Clearfield,Troutville,PA,15866,Northeast,mhkasper,fq\5bt5D&>2N!Fb
296581,Hon.,Miriam,E,Rolfe,F,miriam.rolfe@aol.com,Chance Rolfe,Frederica Rolfe,Mace,10/12/1965,12:52:07 AM,54.92,41,3/17/1989,Q1,H1,1989,3,March,Mar,17,Friday,Fri,31.48,178512,25%,236-55-5974,231-508-3634,Pullman,Allegan,Pullman,MI,49450,Midwest,merolfe,j4$~5Ga/c>B
321771,Prof.,Nestor,J,Gledhill,M,nestor.gledhill@shell.com,Evan Gledhill,Gaynelle Gledhill,Westman,3/18/1981,11:33:33 PM,39.48,80,4/11/2016,Q2,H1,2016,4,April,Apr,11,Monday,Mon,4.39,52538,24%,322-11-7636,252-429-6447,Tarawa Terrace,Onslow,Tarawa Terrace,NC,28543,South,njgledhill,j?TUG~v#|>
849011,Mrs.,Livia,F,Barefield,F,livia.barefield@gmail.com,Troy Barefield,Erline Barefield,Lapoint,8/3/1997,12:42:09 AM,23.09,55,12/11/2019,Q4,H2,2019,12,December,Dec,11,Wednesday,Wed,0.72,178965,28%,142-23-1275,206-732-4227,Puyallup,Pierce,Puyallup,WA,98372,West,lfbarefield,1-x8};%W<P>9
514416,Mrs.,Renea,X,Talavera,F,renea.talavera@yahoo.com,Shad Talavera,Verda Talavera,Lowrie,4/9/1997,03:24:25 AM,23.41,46,12/25/2018,Q4,H2,2018,12,December,Dec,25,Tuesday,Tue,1.68,144167,30%,726-18-7086,803-316-5659,Gaston,Lexington,Gaston,SC,29053,South,rxtalavera,7Wu}9u0]MC&D
165718,Dr.,Edgar,X,Phares,M,edgar.phares@gmail.com,Kenneth Phares,Wynell Phares,Stine,9/17/1970,02:33:29 PM,49.99,77,5/5/1997,Q2,H1,1997,5,May,May,5,Monday,Mon,23.34,125113,30%,653-60-2011,215-254-6902,Pittsburgh,Allegheny,Pittsburgh,PA,15264,Northeast,exphares,NY_~<LQcbm6
769266,Ms.,Shelley,Q,Matthes,F,shelley.matthes@verizon.net,Francisco Matthes,Audrey Matthes,Barnette,7/23/1966,08:28:59 AM,54.15,59,3/12/2001,Q1,H1,2001,3,March,Mar,12,Monday,Mon,19.48,62618,15%,577-53-4910,304-601-9241,Halltown,Jefferson,Halltown,WV,25423,South,sqmatthes,3hGA&04th4!4n4
452925,Dr.,Valentine,P,Fuentez,M,valentine.fuentez@walmart.com,Gerard Fuentez,Winona Fuentez,Sippel,12/25/1996,08:37:00 PM,23.7,83,1/16/2019,Q1,H1,2019,1,January,Jan,16,Wednesday,Wed,1.62,159076,19%,719-18-3194,210-431-9245,Voss,Coleman,Voss,TX,76888,South,vpfuentez,ee4O6]%;&j
863483,Mr.,Wesley,Q,Downes,M,wesley.downes@yahoo.ca,Rusty Downes,Lucienne Downes,Burdine,1/28/1965,11:24:04 AM,55.63,57,2/3/1988,Q1,H1,1988,2,February,Feb,3,Wednesday,Wed,32.6,52780,17%,145-23-2452,423-288-1420,Isabella,Isabella,Isabella,TN,37346,South,wqdownes,v5N#m27^En~u>
969428,Mrs.,Suzy,J,Burge,F,suzy.burge@comcast.net,Stewart Burge,Wynell Burge,Pinzon,10/18/1985,08:44:02 AM,34.89,49,6/12/2014,Q2,H1,2014,6,June,Jun,12,Thursday,Thu,6.22,92436,20%,314-35-3163,236-574-3368,Fredericksburg,Fredericksburg (city),Fredericksburg,VA,22404,South,sjburge,2VwG|uPi^Og
138734,Ms.,Valerie,N,Burge,F,valerie.burge@aol.com,Forrest Burge,Aisha Burge,Cifuentes,9/6/1961,02:42:27 AM,59.02,46,10/8/1999,Q4,H2,1999,10,October,Oct,8,Friday,Fri,20.91,161154,14%,463-99-1025,262-854-3446,Hillsdale,Barron,Hillsdale,WI,54744,Midwest,vnburge,8Uq51V0EawfEd
780502,Mr.,Isidro,F,Estepp,M,isidro.estepp@yahoo.com,Carlo Estepp,Lavette Estepp,Scoles,7/17/1973,09:07:32 PM,47.16,86,11/13/1998,Q4,H2,1998,11,November,Nov,13,Friday,Fri,21.81,61945,24%,203-84-9994,231-493-0917,Detroit,Wayne,Detroit,MI,48227,Midwest,ifestepp,3XYF%@>r*J
350588,Prof.,Chuck,E,Mcafee,M,chuck.mcafee@earthlink.net,Sanford Mcafee,Gudrun Mcafee,Leon,1/14/1977,12:11:54 PM,43.66,83,4/29/2016,Q2,H1,2016,4,April,Apr,29,Friday,Fri,4.34,108741,2%,654-38-9571,210-207-8608,Waco,McLennan,Waco,TX,76795,South,cemcafee,j]T%OCkF
431942,Prof.,Jacques,Z,Chick,M,jacques.chick@yahoo.com,Andrea Chick,Pattie Chick,Peed,2/22/1995,01:42:40 AM,25.54,85,1/22/2020,Q1,H1,2020,1,January,Jan,22,Wednesday,Wed,0.61,190846,0%,594-99-0410,215-352-8069,New Hope,Bucks,New Hope,PA,18938,Northeast,jzchick,L0uAK1fRi}]Qn
201931,Mr.,Florencio,F,Varnell,M,florencio.varnell@gmail.com,Adan Varnell,Chi Varnell,Bowman,6/21/1979,11:46:41 AM,41.22,81,3/21/2008,Q1,H1,2008,3,March,Mar,21,Friday,Fri,12.45,67060,22%,161-86-4814,225-628-7223,Folsom,St. Tammany,Folsom,LA,70437,South,ffvarnell,q@fl;^Kz
127586,Mr.,Delmer,R,Tillman,M,delmer.tillman@gmail.com,Nick Tillman,Petronila Tillman,Fried,4/9/1965,11:59:38 AM,55.43,53,7/22/2004,Q3,H2,2004,7,July,Jul,22,Thursday,Thu,16.12,100827,10%,178-86-1176,217-314-0532,Galva,Henry,Galva,IL,61434,Midwest,drtillman,jrIT\HENf#2^u.}
365976,Prof.,Carrol,I,Tinker,M,carrol.tinker@microsoft.com,Reid Tinker,Ofelia Tinker,Putney,6/12/1985,12:58:11 AM,35.24,74,9/17/2016,Q3,H2,2016,9,September,Sep,17,Saturday,Sat,3.96,122292,27%,656-36-3918,215-525-1641,Ruffs Dale,Westmoreland,Ruffs Dale,PA,15679,Northeast,citinker,o^0g>zpE
215856,Prof.,Shayne,W,Shaffer,M,shayne.shaffer@yahoo.com,Jean Shaffer,Marisa Shaffer,Schendel,2/1/1998,02:36:33 AM,22.59,78,3/3/2020,Q1,H1,2020,3,March,Mar,3,Tuesday,Tue,0.5,119606,24%,084-02-3015,316-496-8544,Topeka,Shawnee,Topeka,KS,66675,Midwest,swshaffer,BY;-FV-fl$
693286,Mr.,Don,U,Thorne,M,don.thorne@gmail.com,Hugo Thorne,Mara Thorne,Weidler,12/12/1974,07:39:17 PM,45.75,62,4/15/2000,Q2,H1,2000,4,April,Apr,15,Saturday,Sat,20.39,92536,9%,671-48-9641,216-786-1239,Minford,Scioto,Minford,OH,45653,Midwest,duthorne,nH|2Fw%O3
235334,Hon.,Fae,V,Jeppesen,F,fae.jeppesen@yahoo.com,Walker Jeppesen,Lena Jeppesen,Hazelton,3/1/1996,04:10:29 PM,24.52,56,9/2/2017,Q3,H2,2017,9,September,Sep,2,Saturday,Sat,3,149128,5%,610-87-7014,401-315-1878,Foster,Providence,Foster,RI,2825,Northeast,fvjeppesen,bDvjrWXNMt
852843,Ms.,Octavia,P,Poitra,F,octavia.poitra@yahoo.com,Margarito Poitra,Jodie Poitra,Mcmillian,6/7/1972,08:09:39 PM,48.27,44,10/29/2011,Q4,H2,2011,10,October,Oct,29,Saturday,Sat,8.85,123209,24%,531-71-7996,252-420-7429,Barnesville,Robeson,Barnesville,NC,28319,South,oppoitra,Gm#S%!I2AZOT
991582,Mrs.,Nelia,D,Saul,F,nelia.saul@gmail.com,Brant Saul,Marsha Saul,Crum,9/12/1989,11:57:52 AM,30.99,59,8/31/2019,Q3,H2,2019,8,August,Aug,31,Saturday,Sat,1,199394,27%,671-48-3523,316-239-4833,Dennis,Labette,Dennis,KS,67341,Midwest,ndsaul,FBJ<b~*&sGBJ
768236,Ms.,Na,X,Minnick,F,na.minnick@gmail.com,Christian Minnick,Angelyn Minnick,Daigneault,9/15/1981,11:19:47 AM,38.99,45,1/1/2016,Q1,H1,2016,1,January,Jan,1,Friday,Fri,4.67,125558,25%,041-15-8402,210-317-8655,Lancaster,Dallas,Lancaster,TX,75134,South,nxminnick,oa>HBV\]J}%B>4
137438,Mrs.,Breann,Q,Alonso,F,breann.alonso@walmart.com,Lonny Alonso,Maia Alonso,Madrid,10/11/1978,12:28:04 PM,41.92,53,12/4/2004,Q4,H2,2004,12,December,Dec,4,Saturday,Sat,15.75,72913,16%,580-41-3570,316-541-1245,Hanover,Washington,Hanover,KS,66945,Midwest,bqalonso,8Mn-R_|fMd/
987894,Mr.,Thaddeus,U,Noggle,M,thaddeus.noggle@gmail.com,Ramiro Noggle,Waneta Noggle,Ivy,6/14/1969,01:32:48 PM,51.25,76,1/9/2013,Q1,H1,2013,1,January,Jan,9,Wednesday,Wed,7.65,163300,3%,355-08-6343,229-793-5389,Morven,Brooks,Morven,GA,31638,South,tunoggle,gVtLP}JTVc
395675,Mrs.,Jimmie,X,Pillar,F,jimmie.pillar@rediffmail.com,Marcus Pillar,Melaine Pillar,Mrozek,4/10/1980,08:15:47 PM,40.42,57,3/30/2005,Q1,H1,2005,3,March,Mar,30,Wednesday,Wed,15.43,44786,30%,724-28-2759,205-940-9474,Fort Davis,Macon,Fort Davis,AL,36031,South,jxpillar,A&*4S^Y^b.|I!O:
683779,Mrs.,Shandi,U,Perrigo,F,shandi.perrigo@walmart.com,Darron Perrigo,Jimmy Perrigo,Hinnant,6/25/1975,12:35:08 AM,45.22,44,3/24/2007,Q1,H1,2007,3,March,Mar,24,Saturday,Sat,13.45,92387,13%,175-86-8524,505-438-5137,Tatum,Lea,Tatum,NM,88267,West,superrigo,Og;JBvv%;u&e#M
896235,Mr.,Houston,Q,Langston,M,houston.langston@gmail.com,Francesco Langston,Tonda Langston,Caver,7/23/1967,08:09:37 PM,53.15,69,12/6/1992,Q4,H2,1992,12,December,Dec,6,Sunday,Sun,27.75,103402,3%,563-99-7683,209-263-7420,Lewiston,Trinity,Lewiston,CA,96052,West,hqlangston,DY^$%p|im]Q\T
973005,Mr.,Lucius,E,Dengler,M,lucius.dengler@ibm.com,Marcos Dengler,Mariel Dengler,Salvaggio,10/31/1998,07:49:30 PM,21.85,52,6/5/2020,Q2,H1,2020,6,June,Jun,5,Friday,Fri,0.24,158901,16%,640-29-0527,217-471-7434,Naperville,DuPage,Naperville,IL,60567,Midwest,ledengler,5O*x/rO%
989170,Mrs.,Theresia,A,Guerrette,F,theresia.guerrette@charter.net,Dante Guerrette,Pattie Guerrette,Navarra,11/5/1975,07:56:41 PM,44.85,58,2/22/2012,Q1,H1,2012,2,February,Feb,22,Wednesday,Wed,8.53,156772,20%,363-39-4828,212-682-7508,Clarkson,Monroe,Clarkson,NY,14430,Northeast,taguerrette,47AiLu01-
145698,Drs.,Claire,F,Deaton,F,claire.deaton@earthlink.net,Irvin Deaton,Suzanne Deaton,Lively,8/5/1971,04:16:18 AM,49.11,60,9/12/2009,Q3,H2,2009,9,September,Sep,12,Saturday,Sat,10.98,140064,26%,019-94-6965,229-786-8848,Sharpsburg,Coweta,Sharpsburg,GA,30277,South,cfdeaton,dwtY+g&r06z:uMt
783264,Mr.,Gustavo,L,Yedinak,M,gustavo.yedinak@gmail.com,Brad Yedinak,Asia Yedinak,Dudgeon,6/16/1983,08:10:34 AM,37.24,68,11/14/2015,Q4,H2,2015,11,November,Nov,14,Saturday,Sat,4.8,129474,21%,166-86-1978,205-476-1696,Mobile,Mobile,Mobile,AL,36611,South,glyedinak,HgcH:D.?Oj_t
493560,Drs.,Ina,P,Becerra,F,ina.becerra@yahoo.com,Dana Becerra,Terisa Becerra,Zellmer,4/26/1976,06:20:41 PM,44.38,59,9/29/2010,Q3,H2,2010,9,September,Sep,29,Wednesday,Wed,9.93,93382,12%,090-02-4144,210-306-7978,Mobeetie,Wheeler,Mobeetie,TX,79061,South,ipbecerra,L~yT-jJ^%{
660359,Dr.,Rashad,G,Tipton,M,rashad.tipton@comcast.net,Leonel Tipton,Clarisa Tipton,Corr,9/2/1997,05:33:39 PM,23.01,86,10/21/2018,Q4,H2,2018,10,October,Oct,21,Sunday,Sun,1.86,195242,13%,772-02-2120,217-973-6472,North Henderson,Mercer,North Henderson,IL,61466,Midwest,rgtipton,1T-YwTUdkQsN#F
433562,Mr.,Milford,B,Stegman,M,milford.stegman@gmail.com,Randolph Stegman,Ginette Stegman,Crosslin,6/26/1966,03:31:19 PM,54.22,74,10/10/1987,Q4,H2,1987,10,October,Oct,10,Saturday,Sat,32.92,58910,27%,105-02-5213,479-927-0455,Cash,Craighead,Cash,AR,72421,South,mbstegman,2{zkB._ii3[CU
459819,Mr.,Louis,R,Ison,M,louis.ison@gmail.com,Phillip Ison,Alex Ison,Guyette,6/12/1994,07:18:40 PM,26.24,88,3/23/2020,Q1,H1,2020,3,March,Mar,23,Monday,Mon,0.44,150160,2%,384-37-9854,225-703-7858,Livingston,Livingston,Livingston,LA,70754,South,lrison,Fo?Af7gC9*
954562,Ms.,Ula,F,Quintero,F,ula.quintero@gmail.com,Hunter Quintero,Vertie Quintero,Navarre,6/5/1964,02:02:31 PM,56.28,58,7/29/1985,Q3,H2,1985,7,July,Jul,29,Monday,Mon,35.12,99643,6%,122-98-7825,405-275-3936,Tulsa,Tulsa,Tulsa,OK,74112,South,ufquintero,Qu7/Z%58T8/&!i|
138681,Hon.,Joellen,X,Briceno,F,joellen.briceno@gmail.com,Wiley Briceno,Chanda Briceno,Grandison,10/17/1984,07:08:12 AM,35.9,56,2/5/2016,Q1,H1,2016,2,February,Feb,5,Friday,Fri,4.57,171496,6%,277-17-0302,303-446-6406,Crowley,Crowley,Crowley,CO,81033,West,jxbriceno,dn&tm-#_Z
525724,Mr.,Wilber,T,Rodrigez,M,wilber.rodrigez@gmail.com,Lamar Rodrigez,Matha Rodrigez,Tengan,3/6/1996,07:26:19 PM,24.5,65,6/18/2018,Q2,H1,2018,6,June,Jun,18,Monday,Mon,2.21,185031,27%,276-17-4290,236-350-3117,Lignum,Culpeper,Lignum,VA,22726,South,wtrodrigez,HX0UF}]ECn
379732,Mr.,Nick,W,Rosado,M,nick.rosado@microsoft.com,Andrea Rosado,Latricia Rosado,Hobbs,12/23/1973,07:51:17 AM,46.72,74,1/10/2003,Q1,H1,2003,1,January,Jan,10,Friday,Fri,17.65,127151,1%,589-99-0501,212-387-2199,New York City,New York,New York City,NY,10265,Northeast,nwrosado,cpe!CA~*7~NM
827854,Mrs.,Breana,C,Loughran,F,breana.loughran@gmail.com,Shad Loughran,Cordia Loughran,Harville,1/21/1997,05:40:33 PM,23.62,59,5/26/2020,Q2,H1,2020,5,May,May,26,Tuesday,Tue,0.27,102617,15%,333-11-4232,262-480-4721,Dale,Outagamie,Dale,WI,54931,Midwest,bcloughran,u&$Nf/GDHGvS9f
953052,Prof.,Rich,K,Mei,M,rich.mei@gmail.com,Shawn Mei,Jerri Mei,Masi,6/8/1969,01:57:18 AM,51.27,86,2/4/2006,Q1,H1,2006,2,February,Feb,4,Saturday,Sat,14.58,80739,4%,605-87-3324,209-360-9849,Encinitas,San Diego,Encinitas,CA,92024,West,rkmei,ZeE>$79vuj
557654,Ms.,Thomasine,J,Bode,F,thomasine.bode@rediffmail.com,Elton Bode,Ellyn Bode,Hover,11/22/1960,05:54:02 PM,59.81,59,10/11/2015,Q4,H2,2015,10,October,Oct,11,Sunday,Sun,4.89,102809,28%,450-99-9746,209-769-2502,San Francisco,San Francisco,San Francisco,CA,94127,West,tjbode,rrwWM^/Mq8Z6Amj
192145,Mr.,Joan,Y,Mcauley,M,joan.mcauley@yahoo.com,Hank Mcauley,Shanae Mcauley,Gent,6/5/1998,10:20:03 AM,22.25,60,1/24/2020,Q1,H1,2020,1,January,Jan,24,Friday,Fri,0.6,197292,20%,025-92-3880,225-800-3505,Duson,Lafayette,Duson,LA,70529,South,jymcauley,yrs-*%*>SIXN&
999339,Mrs.,Doria,E,Bone,F,doria.bone@msn.com,Elliott Bone,Albertine Bone,Priester,1/14/1982,01:21:26 PM,38.65,43,1/3/2018,Q1,H1,2018,1,January,Jan,3,Wednesday,Wed,2.66,141766,21%,013-94-3057,218-248-2247,Richville,Otter Tail,Richville,MN,56576,Midwest,debone,prHpRC9JST4
945758,Mr.,Trenton,G,Lilly,M,trenton.lilly@walmart.com,Roosevelt Lilly,Lashon Lilly,Rojo,7/20/1979,07:20:32 AM,41.15,77,8/16/2018,Q3,H2,2018,8,August,Aug,16,Thursday,Thu,2.04,54582,14%,640-29-8419,252-497-1841,Lumberton,Robeson,Lumberton,NC,28359,South,tglilly,R~f&3{ujy
169164,Ms.,Elenor,Q,Mcarthur,F,elenor.mcarthur@gmail.com,Norbert Mcarthur,Paige Mcarthur,Hess,4/27/1995,12:45:29 PM,25.36,41,2/25/2019,Q1,H1,2019,2,February,Feb,25,Monday,Mon,1.52,107412,19%,617-87-6667,270-224-6773,Nicholasville,Jessamine,Nicholasville,KY,40356,South,eqmcarthur,XjI;*Uwf_{
144291,Hon.,Jon,U,Mullinax,M,jon.mullinax@gmail.com,Elton Mullinax,Macie Mullinax,Merchant,9/26/1993,09:33:43 PM,26.95,53,2/4/2019,Q1,H1,2019,2,February,Feb,4,Monday,Mon,1.57,125084,1%,088-02-5741,236-238-3065,Richmond,Richmond,Richmond,VA,23207,South,jumullinax,8unaU-G_AyF?E
560652,Mr.,Russell,T,Rawls,M,russell.rawls@yahoo.co.uk,Adan Rawls,Patrica Rawls,Ringer,6/17/1993,08:17:34 AM,27.22,56,7/12/2018,Q3,H2,2018,7,July,Jul,12,Thursday,Thu,2.14,93583,14%,413-99-6022,216-431-0929,Cleveland,Cuyahoga,Cleveland,OH,44108,Midwest,rtrawls,o~E^*Cbg/>
675229,Prof.,Marion,H,Fermin,M,marion.fermin@earthlink.net,Toney Fermin,Khadijah Fermin,Coletti,5/13/1980,11:58:39 PM,40.33,86,7/16/2001,Q3,H2,2001,7,July,Jul,16,Monday,Mon,19.14,73543,19%,310-37-1100,605-665-9918,Rochford,Pennington,Rochford,SD,57778,Midwest,mhfermin,X8mDF^qT}4q\6
629405,Ms.,Kiersten,K,Losey,F,kiersten.losey@gmail.com,Kenneth Losey,Lucrecia Losey,Zack,5/26/1981,09:04:49 PM,39.29,56,9/26/2007,Q3,H2,2007,9,September,Sep,26,Wednesday,Wed,12.94,147287,22%,081-02-4664,205-279-6593,Mobile,Mobile,Mobile,AL,36621,South,kklosey,fft[B]1Y!mV#%;
928716,Mr.,Luigi,A,Corbett,M,luigi.corbett@ibm.com,Anderson Corbett,Lashell Corbett,Arp,10/11/1988,06:53:18 PM,31.91,67,5/5/2012,Q2,H1,2012,5,May,May,5,Saturday,Sat,8.33,75186,29%,554-99-2611,205-421-4670,Birmingham,Jefferson,Birmingham,AL,35220,South,lacorbett,t\7!J2d%q<
823046,Dr.,Woodrow,U,Tellis,M,woodrow.tellis@gmail.com,Gene Tellis,Myrtice Tellis,Blackshire,5/7/1979,01:39:14 PM,41.35,71,12/28/2016,Q4,H2,2016,12,December,Dec,28,Wednesday,Wed,3.68,74095,8%,206-84-1885,339-506-7679,Groton,Middlesex,Groton,MA,1471,Northeast,wutellis,YrNI8;_g5
263265,Ms.,Annika,D,Coolidge,F,annika.coolidge@shaw.ca,Sterling Coolidge,Loan Coolidge,Eisele,10/31/1971,09:11:17 AM,48.87,51,10/3/2002,Q4,H2,2002,10,October,Oct,3,Thursday,Thu,17.92,199546,30%,549-99-0159,210-399-4122,Staples,Guadalupe,Staples,TX,78670,South,adcoolidge,Nr#;g4CS\
961869,Mrs.,Sueann,E,Rawley,F,sueann.rawley@hotmail.com,Mervin Rawley,Eleanore Rawley,Kroll,7/29/1996,11:49:33 PM,24.11,50,8/7/2018,Q3,H2,2018,8,August,Aug,7,Tuesday,Tue,2.07,86662,23%,477-55-2885,210-724-5128,Marquez,Leon,Marquez,TX,77865,South,serawley,bs9e8ql/&+Hh
197166,Ms.,Ilana,C,Hodgdon,F,ilana.hodgdon@yahoo.co.uk,Otha Hodgdon,Alfredia Hodgdon,Richert,12/7/1978,06:55:20 AM,41.76,59,3/3/2018,Q1,H1,2018,3,March,Mar,3,Saturday,Sat,2.5,144914,0%,313-35-6799,240-795-4608,Severn,Anne Arundel,Severn,MD,21144,South,ichodgdon,vr11JB3!<omze[
664613,Dr.,Scottie,V,Netto,M,scottie.netto@gmail.com,Edmond Netto,Carie Netto,Rusnak,1/11/1976,10:58:51 PM,44.67,58,1/2/1998,Q1,H1,1998,1,January,Jan,2,Friday,Fri,22.68,81359,1%,038-74-1430,423-475-1914,Lobelville,Perry,Lobelville,TN,37097,South,svnetto,A4F|b7{j~
908921,Ms.,Tamra,V,Pauls,F,tamra.pauls@yahoo.ca,Mario Pauls,Kaila Pauls,Gaskell,2/9/1969,12:43:54 PM,51.59,58,5/28/1998,Q2,H1,1998,5,May,May,28,Thursday,Thu,22.28,48420,7%,292-15-2672,212-656-6991,Plattsburgh,Clinton,Plattsburgh,NY,12903,Northeast,tvpauls,c]cj;6y0[IgW
513832,Mr.,Austin,C,Vandeventer,M,austin.vandeventer@walmart.com,Jeff Vandeventer,Tama Vandeventer,Gaudreau,6/23/1982,03:44:59 AM,38.22,79,9/12/2016,Q3,H2,2016,9,September,Sep,12,Monday,Mon,3.97,168047,23%,501-37-5005,209-373-8040,Isleton,Sacramento,Isleton,CA,95641,West,acvandeventer,aXDBO.t\~
852258,Ms.,Marylynn,N,Terrell,F,marylynn.terrell@gmail.com,Daren Terrell,Anamaria Terrell,Becker,7/16/1984,05:05:35 AM,36.15,50,8/5/2014,Q3,H2,2014,8,August,Aug,5,Tuesday,Tue,6.08,96736,30%,410-99-1398,207-231-1668,Eastport,Washington,Eastport,ME,4631,Northeast,mnterrell,OF:~&8kMl@Wt@gn
988618,Ms.,Jaimie,W,Flack,F,jaimie.flack@hotmail.com,Rich Flack,Belle Flack,Neubauer,9/23/1971,01:31:34 PM,48.97,48,2/22/2013,Q1,H1,2013,2,February,Feb,22,Friday,Fri,7.53,157961,6%,236-55-2474,209-764-5545,Santa Ana,Orange,Santa Ana,CA,92701,West,jwflack,F<T%CNPGx
402400,Mr.,Rueben,V,Curren,M,rueben.curren@comcast.net,Rodrick Curren,Troy Curren,Lazo,2/9/1983,01:36:06 AM,37.58,67,12/24/2010,Q4,H2,2010,12,December,Dec,24,Friday,Fri,9.69,62402,16%,235-57-8995,505-720-3565,La Joya,Socorro,La Joya,NM,87028,West,rvcurren,7CJAokiF+yQ$
859133,Mrs.,Mariella,D,Baade,F,mariella.baade@msn.com,Peter Baade,Shasta Baade,Gervais,4/10/1998,05:22:51 PM,22.41,45,1/10/2020,Q1,H1,2020,1,January,Jan,10,Friday,Fri,0.64,74732,19%,413-99-4233,229-366-3496,Statesboro,Bulloch,Statesboro,GA,30458,South,mdbaade,GD&?{{a>~0
894695,Mrs.,Tawanna,S,Milo,F,tawanna.milo@gmail.com,Orval Milo,Rashida Milo,Failla,6/14/1992,01:51:54 AM,28.23,44,12/29/2019,Q4,H2,2019,12,December,Dec,29,Sunday,Sun,0.67,90781,13%,267-99-5278,270-824-7139,Robinson Creek,Pike,Robinson Creek,KY,41560,South,tsmilo,WA%aDymkJl2
515168,Mrs.,Janyce,S,Babich,F,janyce.babich@yahoo.com,Jason Babich,Stephine Babich,Belin,1/4/1965,10:03:59 AM,55.69,51,3/15/2003,Q1,H1,2003,3,March,Mar,15,Saturday,Sat,17.48,113521,2%,056-02-4867,252-726-2989,Pelham,Caswell,Pelham,NC,27311,South,jsbabich,rdO*d~~bmy%GH{
416715,Mr.,Trevor,E,Stidham,M,trevor.stidham@gmail.com,Efren Stidham,Elane Stidham,Hammock,1/1/1962,10:22:01 AM,58.7,88,6/1/1993,Q2,H1,1993,6,June,Jun,1,Tuesday,Tue,27.27,102636,19%,591-99-7767,210-498-1382,Odessa,Ector,Odessa,TX,79764,South,testidham,G\GIu/F]%[MQY
812063,Prof.,Cedric,I,Cunningham,M,cedric.cunningham@gmail.com,Luciano Cunningham,Pamela Cunningham,Dobbins,4/28/1967,02:30:15 AM,53.38,58,3/7/1990,Q1,H1,1990,3,March,Mar,7,Wednesday,Wed,30.51,113291,10%,560-99-8307,605-567-2157,Crocker,Crocker,Crocker,SD,57229,Midwest,cicunningham,9_CS^Ca\C|N#
381608,Mr.,Wyatt,N,Stacey,M,wyatt.stacey@yahoo.co.in,Herschel Stacey,Jeneva Stacey,Beehler,7/5/1975,06:58:15 AM,45.19,70,12/26/2005,Q4,H2,2005,12,December,Dec,26,Monday,Mon,14.69,177332,12%,683-24-8093,215-695-4811,Bangor,Northampton,Bangor,PA,18013,Northeast,wnstacey,4ch]fV[]MT?180B
683988,Mr.,Roberto,O,Klapper,M,roberto.klapper@ibm.com,Joey Klapper,Corliss Klapper,Blecha,4/19/1984,01:51:18 AM,36.39,65,4/18/2015,Q2,H1,2015,4,April,Apr,18,Saturday,Sat,5.38,87190,6%,759-12-5488,304-938-1159,Green Sulphur Springs,Summers,Green Sulphur Springs,WV,25966,South,roklapper,ZywXA<l>
